carnet,nombres,apellidos,sexo,fecha_nac,profesion,celular,direccion
1001,Carlos,Diaz Martinez,M,1988-01-14,Abogado,5551001,Calle 18 #890
1002,Carlos,Ramirez Rodriguez,M,1987-09-06,Psicologo,5551002,Calle 29 #616
1003,Elena,Rodriguez Gonzalez,F,1973-01-26,Electricista,5551003,Calle 12 #899
1004,Ana,Sanchez Sanchez,F,1985-11-28,Disenador,5551004,Calle 8 #578
1005,Patricia,Perez Sanchez,F,1972-09-19,Disenador,5551005,Calle 6 #428
1006,Elena,Morales Gonzalez,F,1996-02-12,Arquitecto,5551006,Calle 47 #538
1007,Miguel,Garcia Ramirez,M,1998-01-22,Enfermero,5551007,Calle 40 #805
1008,Ana,Lopez Martinez,F,1960-06-25,Programador,5551008,Calle 32 #834
1009,Daniel,Rodriguez Garcia,M,1986-05-23,Mecanico,5551009,Calle 2 #539
1010,Juan,Garcia Garcia,M,1986-02-24,Contador,5551010,Calle 47 #920
1011,Pedro,Ramirez Lopez,M,1971-03-11,Programador,5551011,Calle 17 #718
1012,Gabriela,Rodriguez Martinez,F,1998-11-18,Analista,5551012,Calle 2 #319
1013,Carmen,Martinez Garcia,F,1990-08-27,Electricista,5551013,Calle 22 #277
1014,Fernando,Ramirez Sanchez,M,1991-02-12,Profesor,5551014,Calle 20 #134
1015,Gabriela,Perez Martinez,F,1963-07-07,Programador,5551015,Calle 14 #733
1016,Fernando,Diaz Ramirez,M,1961-01-17,Abogado,5551016,Calle 50 #315
1017,Ricardo,Sanchez Gonzalez,M,1983-06-22,Profesor,5551017,Calle 13 #777
1018,Ricardo,Ramirez Martinez,M,1996-01-19,Mecanico,5551018,Calle 22 #424
1019,Andres,Rodriguez Morales,M,2000-04-05,Abogado,5551019,Calle 45 #516
1020,Laura,Perez Lopez,F,1985-02-13,Contador,5551020,Calle 2 #738
1021,Juan,Sanchez Ramirez,M,1992-08-05,Enfermero,5551021,Calle 7 #581
1022,Juan,Garcia Rodriguez,M,1987-09-02,Chef,5551022,Calle 19 #920
1023,Ricardo,Morales Gonzalez,M,1971-06-17,Enfermero,5551023,Calle 18 #746
1024,Isabel,Sanchez Ramirez,F,1992-07-11,Mecanico,5551024,Calle 1 #491
1025,Isabel,Diaz Gonzalez,F,1960-12-19,Disenador,5551025,Calle 10 #894
1026,Maria,Martinez Morales,F,1980-12-20,Arquitecto,5551026,Calle 36 #247
1027,Sofia,Sanchez Morales,F,1966-05-09,Enfermero,5551027,Calle 49 #258
1028,Gabriela,Perez Diaz,F,2000-06-18,Analista,5551028,Calle 28 #710
1029,Patricia,Lopez Martinez,F,1978-11-15,Electricista,5551029,Calle 39 #400
1030,Maria,Martinez Lopez,F,1990-08-30,Mecanico,5551030,Calle 5 #143
1031,Jorge,Gonzalez Morales,M,1976-06-03,Analista,5551031,Calle 18 #597
1032,Fernando,Garcia Diaz,M,1960-12-06,Disenador,5551032,Calle 37 #605
1033,Pedro,Rodriguez Lopez,M,1966-11-05,Chef,5551033,Calle 18 #959
1034,Claudia,Lopez Perez,F,1977-03-09,Psicologo,5551034,Calle 20 #770
1035,Claudia,Sanchez Morales,F,1979-06-22,Programador,5551035,Calle 29 #878
1036,Isabel,Gonzalez Morales,F,1992-04-07,Psicologo,5551036,Calle 45 #325
1037,Fernando,Morales Martinez,M,1996-05-30,Enfermero,5551037,Calle 41 #716
1038,Maria,Sanchez Ramirez,F,1978-08-21,Profesor,5551038,Calle 26 #332
1039,Isabel,Lopez Gonzalez,F,1971-01-08,Profesor,5551039,Calle 2 #861
1040,Sofia,Perez Sanchez,F,1983-05-26,Enfermero,5551040,Calle 2 #537
1041,Isabel,Garcia Ramirez,F,1987-09-19,Profesor,5551041,Calle 21 #369
1042,Gabriela,Lopez Morales,F,1998-01-11,Doctor,5551042,Calle 48 #423
1043,Fernando,Gonzalez Diaz,M,1984-04-22,Arquitecto,5551043,Calle 15 #993
1044,Fernando,Ramirez Garcia,M,1987-05-29,Programador,5551044,Calle 45 #919
1045,Fernando,Garcia Perez,M,1985-07-21,Contador,5551045,Calle 38 #994
1046,Jorge,Martinez Gonzalez,M,1999-08-15,Mecanico,5551046,Calle 35 #438
1047,Luis,Rodriguez Lopez,M,1998-03-13,Electricista,5551047,Calle 11 #527
1048,Daniel,Morales Sanchez,M,1988-01-10,Abogado,5551048,Calle 38 #863
1049,Pedro,Garcia Sanchez,M,1970-08-16,Ingeniero,5551049,Calle 20 #665
1050,Miguel,Garcia Diaz,M,1965-02-06,Abogado,5551050,Calle 34 #824
1051,Isabel,Rodriguez Martinez,F,1975-05-20,Contador,5551051,Calle 3 #902
1052,Juan,Gonzalez Lopez,M,1977-03-01,Mecanico,5551052,Calle 42 #415
1053,Elena,Morales Gonzalez,F,1969-10-01,Doctor,5551053,Calle 14 #165
1054,Elena,Rodriguez Garcia,F,1972-11-25,Programador,5551054,Calle 16 #499
1055,Miguel,Perez Rodriguez,M,1968-08-01,Analista,5551055,Calle 33 #892
1056,Gabriela,Perez Ramirez,F,1964-12-13,Disenador,5551056,Calle 42 #306
1057,Carlos,Martinez Gonzalez,M,2000-01-12,Arquitecto,5551057,Calle 37 #173
1058,Carmen,Martinez Diaz,F,1974-05-13,Psicologo,5551058,Calle 33 #808
1059,Carlos,Lopez Morales,M,1969-01-24,Disenador,5551059,Calle 47 #860
1060,Daniel,Diaz Martinez,M,1969-12-12,Psicologo,5551060,Calle 15 #758
1061,Carlos,Lopez Gonzalez,M,1970-11-09,Contador,5551061,Calle 32 #759
1062,Andres,Martinez Perez,M,1963-01-22,Mecanico,5551062,Calle 50 #754
1063,Andres,Sanchez Perez,M,1983-05-24,Disenador,5551063,Calle 13 #104
1064,Jorge,Diaz Lopez,M,1982-01-28,Electricista,5551064,Calle 27 #101
1065,Fernando,Martinez Martinez,M,1990-04-18,Programador,5551065,Calle 25 #746
1066,Ricardo,Diaz Garcia,M,1968-09-19,Psicologo,5551066,Calle 10 #443
1067,Fernando,Morales Gonzalez,M,1968-09-01,Psicologo,5551067,Calle 41 #233
1068,Sofia,Lopez Perez,F,1982-10-30,Profesor,5551068,Calle 4 #740
1069,Juan,Gonzalez Rodriguez,M,1990-12-29,Contador,5551069,Calle 42 #169
1070,Andres,Ramirez Garcia,M,1964-01-12,Abogado,5551070,Calle 50 #227
1071,Daniel,Martinez Martinez,M,1974-01-08,Psicologo,5551071,Calle 45 #577
1072,Sofia,Morales Perez,F,1989-06-15,Ingeniero,5551072,Calle 22 #197
1073,Juan,Ramirez Lopez,M,1971-03-05,Electricista,5551073,Calle 23 #177
1074,Fernando,Morales Gonzalez,M,1996-07-20,Mecanico,5551074,Calle 5 #437
1075,Isabel,Gonzalez Lopez,F,1963-06-19,Enfermero,5551075,Calle 29 #190
1076,Claudia,Gonzalez Diaz,F,1970-08-20,Arquitecto,5551076,Calle 25 #387
1077,Ricardo,Martinez Gonzalez,M,1967-02-15,Electricista,5551077,Calle 8 #807
1078,Carmen,Martinez Perez,F,1962-01-16,Chef,5551078,Calle 10 #713
1079,Claudia,Perez Perez,F,1961-07-10,Enfermero,5551079,Calle 33 #196
1080,Sofia,Sanchez Martinez,F,1976-12-10,Chef,5551080,Calle 29 #143
1081,Laura,Rodriguez Martinez,F,1960-11-18,Disenador,5551081,Calle 22 #344
1082,Juan,Perez Sanchez,M,1962-06-29,Arquitecto,5551082,Calle 26 #302
1083,Miguel,Sanchez Rodriguez,M,1975-10-25,Enfermero,5551083,Calle 35 #790
1084,Elena,Lopez Perez,F,1986-05-22,Arquitecto,5551084,Calle 23 #215
1085,Gabriela,Morales Ramirez,F,1973-11-04,Electricista,5551085,Calle 9 #867
1086,Luis,Diaz Martinez,M,1964-10-07,Doctor,5551086,Calle 28 #738
1087,Luis,Sanchez Ramirez,M,1998-07-03,Programador,5551087,Calle 1 #253
1088,Fernando,Sanchez Diaz,M,1965-05-17,Enfermero,5551088,Calle 28 #474
1089,Luis,Diaz Ramirez,M,1983-06-12,Ingeniero,5551089,Calle 33 #450
1090,Luis,Morales Rodriguez,M,1984-11-21,Abogado,5551090,Calle 25 #578
1091,Ana,Ramirez Gonzalez,F,1980-02-28,Mecanico,5551091,Calle 45 #349
1092,Patricia,Garcia Gonzalez,F,1971-07-01,Disenador,5551092,Calle 40 #171
1093,Jorge,Perez Perez,M,1979-02-02,Psicologo,5551093,Calle 21 #643
1094,Claudia,Diaz Diaz,F,1979-05-24,Ingeniero,5551094,Calle 38 #532
1095,Luis,Sanchez Lopez,M,1996-09-20,Electricista,5551095,Calle 20 #486
1096,Pedro,Lopez Gonzalez,M,1964-10-08,Contador,5551096,Calle 43 #133
1097,Carlos,Gonzalez Perez,M,1985-01-21,Abogado,5551097,Calle 35 #928
1098,Daniel,Martinez Diaz,M,1972-12-09,Profesor,5551098,Calle 48 #855
1099,Maria,Sanchez Morales,F,1965-09-21,Electricista,5551099,Calle 44 #705
1100,Elena,Lopez Lopez,F,1973-05-05,Electricista,5551100,Calle 11 #835
1101,Jorge,Martinez Sanchez,M,1993-09-01,Arquitecto,5551101,Calle 46 #343
1102,Daniel,Rodriguez Diaz,M,1998-03-17,Arquitecto,5551102,Calle 36 #949
1103,Pedro,Gonzalez Sanchez,M,1971-07-17,Analista,5551103,Calle 36 #322
1104,Sofia,Lopez Gonzalez,F,1990-02-14,Electricista,5551104,Calle 45 #273
1105,Laura,Martinez Sanchez,F,1977-10-22,Doctor,5551105,Calle 17 #440
1106,Juan,Sanchez Gonzalez,M,1989-07-19,Chef,5551106,Calle 30 #746
1107,Sofia,Rodriguez Sanchez,F,1961-01-13,Analista,5551107,Calle 10 #519
1108,Miguel,Rodriguez Gonzalez,M,1961-07-09,Analista,5551108,Calle 37 #637
1109,Sofia,Martinez Sanchez,F,1985-09-30,Enfermero,5551109,Calle 14 #443
1110,Patricia,Morales Ramirez,F,1969-12-07,Contador,5551110,Calle 31 #376
1111,Claudia,Rodriguez Martinez,F,1984-11-14,Disenador,5551111,Calle 45 #506
1112,Maria,Diaz Rodriguez,F,1970-05-17,Ingeniero,5551112,Calle 39 #390
1113,Daniel,Morales Martinez,M,1969-04-17,Profesor,5551113,Calle 49 #946
1114,Daniel,Ramirez Gonzalez,M,1985-02-25,Disenador,5551114,Calle 27 #900
1115,Andres,Lopez Martinez,M,1999-03-09,Chef,5551115,Calle 21 #310
1116,Miguel,Garcia Garcia,M,1972-10-22,Electricista,5551116,Calle 50 #121
1117,Carmen,Rodriguez Ramirez,F,1991-08-09,Programador,5551117,Calle 22 #159
1118,Carlos,Diaz Morales,M,1999-12-10,Profesor,5551118,Calle 28 #141
1119,Andres,Martinez Martinez,M,1985-03-30,Psicologo,5551119,Calle 15 #599
1120,Jorge,Rodriguez Rodriguez,M,1969-03-19,Mecanico,5551120,Calle 50 #989
1121,Andres,Diaz Sanchez,M,1979-04-13,Electricista,5551121,Calle 27 #613
1122,Fernando,Martinez Gonzalez,M,1985-01-13,Analista,5551122,Calle 29 #991
1123,Ricardo,Morales Gonzalez,M,1977-06-25,Ingeniero,5551123,Calle 27 #497
1124,Luis,Lopez Gonzalez,M,1969-06-01,Ingeniero,5551124,Calle 39 #326
1125,Laura,Diaz Morales,F,1985-09-19,Profesor,5551125,Calle 8 #206
1126,Maria,Garcia Morales,F,1985-12-07,Profesor,5551126,Calle 7 #911
1127,Sofia,Perez Diaz,F,1983-02-22,Chef,5551127,Calle 22 #779
1128,Ricardo,Rodriguez Garcia,M,1982-07-09,Analista,5551128,Calle 37 #371
1129,Claudia,Diaz Diaz,F,1972-03-16,Disenador,5551129,Calle 38 #215
1130,Pedro,Morales Diaz,M,1986-06-10,Ingeniero,5551130,Calle 35 #330
1131,Laura,Diaz Rodriguez,F,1981-05-18,Electricista,5551131,Calle 3 #600
1132,Daniel,Diaz Sanchez,M,1979-07-27,Analista,5551132,Calle 24 #187
1133,Patricia,Morales Rodriguez,F,1960-01-06,Electricista,5551133,Calle 32 #373
1134,Isabel,Sanchez Sanchez,F,1973-09-21,Programador,5551134,Calle 20 #881
1135,Fernando,Lopez Morales,M,1988-09-14,Chef,5551135,Calle 10 #730
1136,Patricia,Ramirez Rodriguez,F,1968-04-10,Chef,5551136,Calle 4 #944
1137,Claudia,Perez Morales,F,1984-09-10,Electricista,5551137,Calle 50 #434
1138,Pedro,Sanchez Diaz,M,1982-09-17,Ingeniero,5551138,Calle 30 #160
1139,Elena,Gonzalez Ramirez,F,1991-08-18,Mecanico,5551139,Calle 21 #543
1140,Pedro,Martinez Rodriguez,M,1994-05-05,Analista,5551140,Calle 19 #555
1141,Elena,Rodriguez Morales,F,1988-05-29,Abogado,5551141,Calle 11 #767
1142,Luis,Martinez Perez,M,1971-07-11,Arquitecto,5551142,Calle 13 #516
1143,Patricia,Martinez Sanchez,F,1969-04-29,Chef,5551143,Calle 5 #759
1144,Fernando,Diaz Rodriguez,M,1975-09-19,Enfermero,5551144,Calle 49 #443
1145,Miguel,Martinez Lopez,M,1992-03-01,Mecanico,5551145,Calle 12 #203
1146,Carmen,Perez Morales,F,1973-01-23,Mecanico,5551146,Calle 4 #503
1147,Sofia,Morales Lopez,F,1968-01-08,Programador,5551147,Calle 36 #882
1148,Luis,Diaz Garcia,M,1989-05-02,Abogado,5551148,Calle 15 #261
1149,Laura,Gonzalez Rodriguez,F,2000-09-18,Mecanico,5551149,Calle 23 #564
1150,Sofia,Ramirez Morales,F,2000-08-05,Psicologo,5551150,Calle 48 #933
1151,Miguel,Morales Lopez,M,1988-12-07,Psicologo,5551151,Calle 41 #855
1152,Maria,Ramirez Lopez,F,1987-10-11,Mecanico,5551152,Calle 20 #402
1153,Andres,Diaz Lopez,M,1990-09-07,Profesor,5551153,Calle 42 #550
1154,Laura,Ramirez Gonzalez,F,1961-10-01,Analista,5551154,Calle 46 #336
1155,Juan,Perez Lopez,M,1976-11-15,Electricista,5551155,Calle 12 #788
1156,Ricardo,Garcia Sanchez,M,1994-04-08,Analista,5551156,Calle 41 #541
1157,Sofia,Martinez Diaz,F,1994-03-26,Programador,5551157,Calle 44 #283
1158,Jorge,Lopez Sanchez,M,1971-10-04,Doctor,5551158,Calle 35 #310
1159,Sofia,Rodriguez Ramirez,F,1991-02-01,Disenador,5551159,Calle 5 #666
1160,Fernando,Perez Garcia,M,1999-03-21,Programador,5551160,Calle 7 #903
1161,Patricia,Rodriguez Sanchez,F,1980-04-10,Contador,5551161,Calle 18 #632
1162,Elena,Rodriguez Sanchez,F,1970-04-23,Ingeniero,5551162,Calle 23 #288
1163,Fernando,Ramirez Diaz,M,1999-03-05,Profesor,5551163,Calle 31 #124
1164,Isabel,Perez Perez,F,1971-05-19,Enfermero,5551164,Calle 28 #448
1165,Carmen,Sanchez Garcia,F,1967-08-17,Ingeniero,5551165,Calle 5 #520
1166,Miguel,Gonzalez Morales,M,1973-03-26,Mecanico,5551166,Calle 37 #417
1167,Laura,Diaz Diaz,F,1961-09-26,Enfermero,5551167,Calle 30 #511
1168,Maria,Sanchez Morales,F,1994-03-14,Doctor,5551168,Calle 9 #894
1169,Ricardo,Ramirez Ramirez,M,1983-05-01,Analista,5551169,Calle 11 #703
1170,Pedro,Lopez Garcia,M,1968-07-13,Chef,5551170,Calle 31 #544
1171,Carlos,Diaz Gonzalez,M,1975-10-26,Mecanico,5551171,Calle 13 #109
1172,Patricia,Gonzalez Perez,F,1990-04-28,Abogado,5551172,Calle 43 #115
1173,Pedro,Sanchez Perez,M,1963-03-27,Abogado,5551173,Calle 24 #339
1174,Jorge,Garcia Perez,M,1998-11-21,Analista,5551174,Calle 3 #332
1175,Luis,Gonzalez Rodriguez,M,1967-05-20,Disenador,5551175,Calle 29 #616
1176,Carmen,Garcia Perez,F,1992-12-06,Abogado,5551176,Calle 10 #590
1177,Juan,Rodriguez Rodriguez,M,1990-04-03,Profesor,5551177,Calle 41 #960
1178,Luis,Garcia Morales,M,1964-10-27,Ingeniero,5551178,Calle 35 #650
1179,Laura,Gonzalez Martinez,F,1991-09-30,Abogado,5551179,Calle 20 #552
1180,Carmen,Rodriguez Diaz,F,1970-12-08,Programador,5551180,Calle 29 #498
1181,Maria,Diaz Ramirez,F,2000-07-19,Chef,5551181,Calle 46 #370
1182,Ana,Sanchez Perez,F,1966-12-24,Doctor,5551182,Calle 7 #446
1183,Elena,Garcia Perez,F,1978-05-23,Chef,5551183,Calle 42 #852
1184,Laura,Martinez Sanchez,F,1964-09-26,Abogado,5551184,Calle 4 #915
1185,Luis,Gonzalez Diaz,M,1990-05-16,Profesor,5551185,Calle 35 #337
1186,Andres,Rodriguez Sanchez,M,1997-11-28,Analista,5551186,Calle 8 #198
1187,Daniel,Lopez Garcia,M,1968-06-08,Arquitecto,5551187,Calle 39 #576
1188,Pedro,Diaz Perez,M,1983-06-14,Electricista,5551188,Calle 8 #699
1189,Pedro,Sanchez Garcia,M,1962-02-25,Profesor,5551189,Calle 4 #847
1190,Maria,Morales Diaz,F,1991-11-07,Ingeniero,5551190,Calle 37 #218
1191,Sofia,Martinez Perez,F,1967-10-15,Enfermero,5551191,Calle 25 #512
1192,Luis,Sanchez Perez,M,1994-12-12,Arquitecto,5551192,Calle 26 #636
1193,Fernando,Garcia Sanchez,M,1986-09-08,Enfermero,5551193,Calle 28 #219
1194,Laura,Morales Diaz,F,1969-10-21,Chef,5551194,Calle 26 #887
1195,Ana,Rodriguez Lopez,F,1973-10-14,Arquitecto,5551195,Calle 12 #590
1196,Luis,Perez Ramirez,M,1975-12-26,Programador,5551196,Calle 48 #948
1197,Luis,Sanchez Perez,M,1960-02-26,Chef,5551197,Calle 1 #487
1198,Carmen,Lopez Lopez,F,1989-05-12,Mecanico,5551198,Calle 8 #810
1199,Luis,Rodriguez Diaz,M,1973-06-27,Analista,5551199,Calle 29 #326
1200,Fernando,Lopez Gonzalez,M,1969-10-04,Contador,5551200,Calle 45 #953
1201,Patricia,Gonzalez Martinez,F,1968-04-04,Arquitecto,5551201,Calle 4 #986
1202,Isabel,Sanchez Sanchez,F,1961-06-08,Mecanico,5551202,Calle 45 #531
1203,Daniel,Perez Garcia,M,1974-05-07,Enfermero,5551203,Calle 18 #575
1204,Carmen,Sanchez Perez,F,1960-09-21,Analista,5551204,Calle 22 #973
1205,Miguel,Sanchez Garcia,M,1960-05-03,Chef,5551205,Calle 44 #924
1206,Miguel,Gonzalez Perez,M,1995-03-27,Psicologo,5551206,Calle 9 #585
1207,Elena,Garcia Garcia,F,1995-07-06,Arquitecto,5551207,Calle 18 #872
1208,Jorge,Sanchez Gonzalez,M,1962-09-09,Enfermero,5551208,Calle 16 #803
1209,Sofia,Gonzalez Perez,F,1989-03-18,Programador,5551209,Calle 39 #696
1210,Carlos,Sanchez Gonzalez,M,1981-06-24,Contador,5551210,Calle 9 #691
1211,Juan,Lopez Ramirez,M,1973-01-05,Analista,5551211,Calle 45 #155
1212,Fernando,Martinez Sanchez,M,1964-11-30,Doctor,5551212,Calle 24 #704
1213,Gabriela,Sanchez Gonzalez,F,1964-02-28,Ingeniero,5551213,Calle 41 #941
1214,Isabel,Sanchez Ramirez,F,1995-12-20,Profesor,5551214,Calle 4 #370
1215,Miguel,Diaz Gonzalez,M,1994-01-16,Abogado,5551215,Calle 17 #813
1216,Isabel,Morales Ramirez,F,1981-09-26,Ingeniero,5551216,Calle 50 #751
1217,Carmen,Lopez Sanchez,F,1988-03-09,Enfermero,5551217,Calle 44 #721
1218,Ana,Perez Garcia,F,1986-04-04,Doctor,5551218,Calle 50 #777
1219,Isabel,Martinez Diaz,F,2000-11-02,Doctor,5551219,Calle 50 #576
1220,Maria,Diaz Martinez,F,1985-02-06,Ingeniero,5551220,Calle 3 #281
1221,Juan,Martinez Lopez,M,1991-06-27,Disenador,5551221,Calle 32 #504
1222,Ana,Morales Morales,F,1980-05-29,Contador,5551222,Calle 1 #547
1223,Claudia,Ramirez Sanchez,F,1965-12-31,Enfermero,5551223,Calle 41 #713
1224,Juan,Diaz Garcia,M,1967-06-30,Psicologo,5551224,Calle 40 #451
1225,Juan,Lopez Lopez,M,1991-02-17,Ingeniero,5551225,Calle 19 #977
1226,Claudia,Garcia Ramirez,F,1996-06-20,Ingeniero,5551226,Calle 26 #240
1227,Ricardo,Rodriguez Ramirez,M,1971-09-05,Electricista,5551227,Calle 32 #941
1228,Laura,Gonzalez Gonzalez,F,1974-01-28,Analista,5551228,Calle 35 #622
1229,Luis,Martinez Garcia,M,1972-05-04,Disenador,5551229,Calle 36 #487
1230,Luis,Lopez Lopez,M,1972-06-09,Contador,5551230,Calle 21 #925
1231,Andres,Garcia Morales,M,1971-10-25,Chef,5551231,Calle 11 #880
1232,Patricia,Gonzalez Perez,F,1974-03-09,Mecanico,5551232,Calle 2 #239
1233,Daniel,Ramirez Morales,M,1976-04-29,Disenador,5551233,Calle 39 #342
1234,Ricardo,Diaz Morales,M,1999-09-09,Analista,5551234,Calle 47 #301
1235,Maria,Garcia Ramirez,F,1963-07-24,Disenador,5551235,Calle 41 #519
1236,Jorge,Gonzalez Sanchez,M,1979-02-25,Electricista,5551236,Calle 11 #944
1237,Ricardo,Garcia Ramirez,M,1990-06-02,Mecanico,5551237,Calle 24 #783
1238,Daniel,Sanchez Perez,M,1973-03-01,Profesor,5551238,Calle 39 #151
1239,Patricia,Garcia Ramirez,F,1994-04-27,Psicologo,5551239,Calle 36 #345
1240,Pedro,Martinez Gonzalez,M,1998-09-05,Profesor,5551240,Calle 23 #286
1241,Gabriela,Ramirez Ramirez,F,1982-07-07,Abogado,5551241,Calle 31 #905
1242,Daniel,Martinez Perez,M,1979-03-02,Disenador,5551242,Calle 39 #430
1243,Daniel,Perez Gonzalez,M,1979-10-11,Disenador,5551243,Calle 40 #948
1244,Miguel,Garcia Gonzalez,M,1979-03-01,Doctor,5551244,Calle 20 #903
1245,Laura,Ramirez Rodriguez,F,1993-02-25,Programador,5551245,Calle 19 #310
1246,Pedro,Ramirez Perez,M,1987-01-29,Ingeniero,5551246,Calle 50 #578
1247,Gabriela,Diaz Rodriguez,F,1996-01-18,Enfermero,5551247,Calle 37 #912
1248,Ana,Ramirez Rodriguez,F,1983-10-24,Profesor,5551248,Calle 7 #515
1249,Carmen,Gonzalez Perez,F,1999-08-07,Ingeniero,5551249,Calle 14 #497
1250,Jorge,Martinez Ramirez,M,1999-07-04,Doctor,5551250,Calle 28 #263
1251,Ana,Morales Sanchez,F,1988-05-28,Mecanico,5551251,Calle 44 #308
1252,Carmen,Rodriguez Garcia,F,1992-07-12,Doctor,5551252,Calle 18 #684
1253,Juan,Gonzalez Sanchez,M,1989-02-08,Doctor,5551253,Calle 39 #759
1254,Isabel,Lopez Ramirez,F,1969-06-04,Disenador,5551254,Calle 19 #637
1255,Fernando,Perez Ramirez,M,1999-06-01,Doctor,5551255,Calle 1 #272
1256,Maria,Perez Ramirez,F,1992-08-29,Enfermero,5551256,Calle 5 #700
1257,Laura,Garcia Perez,F,1992-03-03,Enfermero,5551257,Calle 2 #630
1258,Ricardo,Perez Gonzalez,M,1975-09-02,Chef,5551258,Calle 2 #294
1259,Maria,Sanchez Rodriguez,F,1968-09-04,Electricista,5551259,Calle 43 #143
1260,Fernando,Ramirez Sanchez,M,1973-02-04,Profesor,5551260,Calle 39 #405
1261,Claudia,Ramirez Martinez,F,1977-10-29,Enfermero,5551261,Calle 4 #581
1262,Luis,Sanchez Garcia,M,1977-01-21,Contador,5551262,Calle 38 #685
1263,Juan,Sanchez Garcia,M,1993-09-08,Enfermero,5551263,Calle 13 #620
1264,Laura,Ramirez Perez,F,1975-10-09,Electricista,5551264,Calle 2 #116
1265,Sofia,Garcia Perez,F,1973-05-30,Contador,5551265,Calle 11 #495
1266,Pedro,Morales Ramirez,M,1963-07-28,Ingeniero,5551266,Calle 32 #736
1267,Juan,Diaz Morales,M,1964-02-07,Arquitecto,5551267,Calle 9 #140
1268,Pedro,Sanchez Diaz,M,1974-11-21,Disenador,5551268,Calle 21 #844
1269,Patricia,Sanchez Ramirez,F,1998-08-08,Electricista,5551269,Calle 3 #129
1270,Andres,Lopez Sanchez,M,1989-06-21,Psicologo,5551270,Calle 32 #587
1271,Maria,Diaz Rodriguez,F,1979-09-28,Chef,5551271,Calle 4 #387
1272,Ricardo,Ramirez Ramirez,M,1979-01-30,Contador,5551272,Calle 37 #632
1273,Jorge,Diaz Diaz,M,1972-01-09,Doctor,5551273,Calle 45 #120
1274,Patricia,Martinez Perez,F,1980-08-28,Abogado,5551274,Calle 44 #454
1275,Ricardo,Sanchez Perez,M,1996-04-21,Contador,5551275,Calle 3 #450
1276,Laura,Gonzalez Rodriguez,F,1973-12-22,Chef,5551276,Calle 23 #272
1277,Isabel,Rodriguez Morales,F,1996-09-27,Contador,5551277,Calle 47 #564
1278,Andres,Garcia Rodriguez,M,1994-10-07,Ingeniero,5551278,Calle 45 #449
1279,Claudia,Gonzalez Sanchez,F,1998-06-29,Abogado,5551279,Calle 18 #676
1280,Ana,Rodriguez Sanchez,F,1975-08-07,Disenador,5551280,Calle 3 #745
1281,Maria,Morales Morales,F,1963-03-22,Programador,5551281,Calle 6 #351
1282,Juan,Perez Garcia,M,1971-08-30,Analista,5551282,Calle 24 #372
1283,Patricia,Ramirez Gonzalez,F,1988-12-31,Doctor,5551283,Calle 10 #907
1284,Carlos,Morales Martinez,M,1961-08-08,Profesor,5551284,Calle 4 #259
1285,Elena,Morales Diaz,F,1963-10-25,Ingeniero,5551285,Calle 40 #983
1286,Carlos,Lopez Lopez,M,1961-07-24,Electricista,5551286,Calle 20 #125
1287,Carmen,Ramirez Morales,F,1982-05-17,Mecanico,5551287,Calle 25 #932
1288,Miguel,Martinez Morales,M,2000-11-29,Electricista,5551288,Calle 28 #393
1289,Maria,Perez Ramirez,F,1978-08-17,Psicologo,5551289,Calle 44 #634
1290,Juan,Gonzalez Morales,M,1984-11-08,Electricista,5551290,Calle 35 #545
1291,Luis,Ramirez Garcia,M,1966-09-20,Ingeniero,5551291,Calle 38 #256
1292,Carmen,Perez Gonzalez,F,1963-05-13,Arquitecto,5551292,Calle 1 #670
1293,Fernando,Martinez Lopez,M,1976-10-11,Profesor,5551293,Calle 32 #895
1294,Fernando,Martinez Ramirez,M,1980-02-20,Enfermero,5551294,Calle 6 #117
1295,Carlos,Sanchez Morales,M,1998-08-13,Doctor,5551295,Calle 14 #822
1296,Daniel,Gonzalez Perez,M,1987-08-21,Mecanico,5551296,Calle 29 #935
1297,Maria,Martinez Garcia,F,1978-01-22,Electricista,5551297,Calle 16 #461
1298,Carlos,Lopez Gonzalez,M,1976-12-13,Programador,5551298,Calle 28 #849
1299,Patricia,Garcia Perez,F,1965-01-22,Chef,5551299,Calle 13 #869
1300,Fernando,Sanchez Morales,M,1975-03-01,Contador,5551300,Calle 32 #332
1301,Ana,Sanchez Lopez,F,1993-10-26,Enfermero,5551301,Calle 8 #124
1302,Fernando,Martinez Martinez,M,1984-04-09,Enfermero,5551302,Calle 11 #703
1303,Luis,Rodriguez Sanchez,M,1967-05-08,Programador,5551303,Calle 8 #288
1304,Claudia,Gonzalez Perez,F,1978-09-19,Electricista,5551304,Calle 31 #401
1305,Gabriela,Gonzalez Morales,F,1993-07-20,Contador,5551305,Calle 12 #148
1306,Andres,Garcia Gonzalez,M,1982-02-25,Doctor,5551306,Calle 20 #233
1307,Jorge,Garcia Martinez,M,1991-03-01,Chef,5551307,Calle 25 #152
1308,Luis,Martinez Rodriguez,M,1973-11-05,Chef,5551308,Calle 30 #950
1309,Pedro,Martinez Garcia,M,1986-03-11,Doctor,5551309,Calle 3 #508
1310,Andres,Ramirez Diaz,M,1963-02-24,Contador,5551310,Calle 43 #961
1311,Carmen,Martinez Sanchez,F,1974-01-29,Abogado,5551311,Calle 27 #334
1312,Laura,Lopez Rodriguez,F,1989-10-20,Programador,5551312,Calle 7 #107
1313,Carlos,Ramirez Perez,M,1988-04-20,Enfermero,5551313,Calle 26 #947
1314,Maria,Gonzalez Rodriguez,F,1968-02-02,Disenador,5551314,Calle 18 #337
1315,Carmen,Ramirez Ramirez,F,1990-09-24,Doctor,5551315,Calle 2 #730
1316,Miguel,Diaz Gonzalez,M,1975-12-09,Enfermero,5551316,Calle 28 #958
1317,Luis,Garcia Sanchez,M,1961-10-09,Programador,5551317,Calle 19 #579
1318,Claudia,Gonzalez Morales,F,1961-06-01,Contador,5551318,Calle 6 #118
1319,Andres,Morales Sanchez,M,1962-04-10,Analista,5551319,Calle 30 #430
1320,Andres,Garcia Lopez,M,1998-11-26,Disenador,5551320,Calle 47 #930
1321,Daniel,Ramirez Martinez,M,1976-11-01,Disenador,5551321,Calle 9 #854
1322,Juan,Garcia Sanchez,M,1985-03-23,Arquitecto,5551322,Calle 11 #522
1323,Laura,Martinez Sanchez,F,1986-09-08,Analista,5551323,Calle 45 #348
1324,Jorge,Sanchez Lopez,M,1975-05-02,Electricista,5551324,Calle 35 #393
1325,Maria,Rodriguez Garcia,F,1983-05-02,Mecanico,5551325,Calle 10 #837
1326,Gabriela,Rodriguez Lopez,F,1965-12-03,Psicologo,5551326,Calle 4 #557
1327,Ricardo,Diaz Diaz,M,1998-04-06,Mecanico,5551327,Calle 41 #334
1328,Patricia,Perez Morales,F,1976-11-13,Abogado,5551328,Calle 7 #351
1329,Gabriela,Sanchez Diaz,F,1970-02-18,Abogado,5551329,Calle 34 #856
1330,Sofia,Gonzalez Martinez,F,1979-04-20,Arquitecto,5551330,Calle 27 #468
1331,Miguel,Perez Morales,M,1991-05-08,Mecanico,5551331,Calle 12 #933
1332,Sofia,Gonzalez Lopez,F,1964-11-18,Disenador,5551332,Calle 9 #483
1333,Claudia,Sanchez Perez,F,1984-10-08,Analista,5551333,Calle 50 #929
1334,Luis,Perez Martinez,M,1993-03-15,Abogado,5551334,Calle 30 #177
1335,Gabriela,Morales Gonzalez,F,1996-09-26,Chef,5551335,Calle 35 #961
1336,Fernando,Perez Lopez,M,1987-09-06,Chef,5551336,Calle 2 #886
1337,Ana,Ramirez Perez,F,1960-02-23,Enfermero,5551337,Calle 33 #809
1338,Sofia,Garcia Morales,F,1967-07-11,Abogado,5551338,Calle 19 #389
1339,Patricia,Rodriguez Diaz,F,1982-03-13,Arquitecto,5551339,Calle 14 #480
1340,Sofia,Gonzalez Sanchez,F,1967-12-27,Abogado,5551340,Calle 37 #668
1341,Luis,Rodriguez Rodriguez,M,1988-01-22,Abogado,5551341,Calle 14 #753
1342,Ana,Sanchez Sanchez,F,1970-07-18,Profesor,5551342,Calle 44 #633
1343,Maria,Rodriguez Lopez,F,1993-03-03,Contador,5551343,Calle 33 #327
1344,Ricardo,Ramirez Diaz,M,1988-12-03,Chef,5551344,Calle 7 #408
1345,Patricia,Sanchez Martinez,F,1981-08-03,Electricista,5551345,Calle 23 #482
1346,Andres,Sanchez Ramirez,M,1966-06-14,Enfermero,5551346,Calle 15 #357
1347,Ricardo,Lopez Morales,M,1967-03-14,Chef,5551347,Calle 2 #216
1348,Isabel,Rodriguez Ramirez,F,1979-09-02,Analista,5551348,Calle 5 #445
1349,Fernando,Ramirez Ramirez,M,1987-06-23,Abogado,5551349,Calle 46 #277
1350,Ana,Ramirez Garcia,F,1993-11-03,Psicologo,5551350,Calle 43 #287
1351,Gabriela,Perez Gonzalez,F,1987-09-02,Ingeniero,5551351,Calle 26 #211
1352,Carmen,Diaz Diaz,F,1992-10-01,Ingeniero,5551352,Calle 23 #250
1353,Elena,Perez Gonzalez,F,1968-01-19,Analista,5551353,Calle 26 #650
1354,Luis,Diaz Sanchez,M,1961-02-01,Ingeniero,5551354,Calle 22 #356
1355,Miguel,Perez Lopez,M,1987-11-10,Analista,5551355,Calle 40 #462
1356,Pedro,Martinez Sanchez,M,1991-10-19,Analista,5551356,Calle 46 #212
1357,Pedro,Rodriguez Lopez,M,1976-06-24,Electricista,5551357,Calle 14 #174
1358,Juan,Diaz Lopez,M,1971-04-09,Chef,5551358,Calle 37 #953
1359,Laura,Rodriguez Sanchez,F,1967-09-08,Contador,5551359,Calle 44 #456
1360,Juan,Gonzalez Garcia,M,1981-01-10,Disenador,5551360,Calle 23 #485
1361,Patricia,Ramirez Sanchez,F,1964-05-12,Programador,5551361,Calle 30 #531
1362,Carmen,Morales Rodriguez,F,1960-09-27,Electricista,5551362,Calle 42 #974
1363,Andres,Ramirez Martinez,M,1969-10-11,Programador,5551363,Calle 8 #745
1364,Fernando,Lopez Perez,M,1995-02-15,Arquitecto,5551364,Calle 17 #620
1365,Patricia,Ramirez Martinez,F,1977-04-16,Profesor,5551365,Calle 18 #346
1366,Fernando,Sanchez Sanchez,M,1962-05-30,Electricista,5551366,Calle 45 #842
1367,Jorge,Morales Ramirez,M,1974-07-30,Ingeniero,5551367,Calle 5 #673
1368,Carlos,Ramirez Gonzalez,M,1965-06-27,Disenador,5551368,Calle 34 #255
1369,Claudia,Diaz Morales,F,1989-01-22,Enfermero,5551369,Calle 37 #685
1370,Patricia,Lopez Ramirez,F,2000-06-01,Doctor,5551370,Calle 38 #337
1371,Isabel,Ramirez Martinez,F,1974-06-09,Electricista,5551371,Calle 47 #707
1372,Andres,Martinez Diaz,M,1995-09-22,Disenador,5551372,Calle 43 #995
1373,Miguel,Gonzalez Perez,M,1961-03-23,Disenador,5551373,Calle 11 #291
1374,Sofia,Perez Lopez,F,1964-07-12,Disenador,5551374,Calle 26 #453
1375,Isabel,Martinez Rodriguez,F,1972-04-28,Doctor,5551375,Calle 17 #548
1376,Patricia,Martinez Martinez,F,1984-05-10,Enfermero,5551376,Calle 24 #820
1377,Carmen,Sanchez Perez,F,1978-01-07,Abogado,5551377,Calle 44 #843
1378,Carmen,Diaz Morales,F,1987-10-24,Mecanico,5551378,Calle 27 #858
1379,Carmen,Morales Sanchez,F,1983-05-24,Psicologo,5551379,Calle 45 #674
1380,Fernando,Morales Rodriguez,M,1966-03-30,Ingeniero,5551380,Calle 28 #632
1381,Ricardo,Sanchez Martinez,M,1992-06-09,Profesor,5551381,Calle 4 #676
1382,Ana,Morales Morales,F,1990-05-27,Doctor,5551382,Calle 4 #881
1383,Andres,Diaz Garcia,M,1963-10-01,Ingeniero,5551383,Calle 10 #729
1384,Fernando,Morales Lopez,M,1999-05-03,Abogado,5551384,Calle 31 #676
1385,Laura,Ramirez Ramirez,F,1985-08-13,Mecanico,5551385,Calle 3 #449
1386,Ricardo,Perez Diaz,M,2000-02-10,Programador,5551386,Calle 8 #211
1387,Juan,Ramirez Perez,M,1986-01-26,Arquitecto,5551387,Calle 32 #174
1388,Andres,Perez Morales,M,1978-01-24,Arquitecto,5551388,Calle 37 #638
1389,Andres,Martinez Rodriguez,M,1966-10-19,Ingeniero,5551389,Calle 38 #708
1390,Carmen,Morales Martinez,F,1983-12-17,Psicologo,5551390,Calle 49 #280
1391,Carmen,Gonzalez Garcia,F,1991-10-05,Electricista,5551391,Calle 38 #572
1392,Daniel,Diaz Lopez,M,1978-06-21,Mecanico,5551392,Calle 39 #806
1393,Fernando,Morales Sanchez,M,1999-08-19,Chef,5551393,Calle 5 #194
1394,Ricardo,Garcia Ramirez,M,1999-11-23,Abogado,5551394,Calle 23 #445
1395,Carlos,Diaz Perez,M,1996-06-08,Analista,5551395,Calle 14 #834
1396,Luis,Martinez Lopez,M,1986-11-13,Chef,5551396,Calle 15 #952
1397,Andres,Morales Morales,M,1985-03-29,Abogado,5551397,Calle 8 #514
1398,Laura,Perez Morales,F,1993-04-13,Mecanico,5551398,Calle 20 #267
1399,Sofia,Diaz Martinez,F,2000-07-11,Mecanico,5551399,Calle 13 #723
1400,Ana,Diaz Martinez,F,1960-03-10,Contador,5551400,Calle 46 #239
1401,Maria,Garcia Rodriguez,F,2000-07-14,Disenador,5551401,Calle 32 #749
1402,Carmen,Garcia Garcia,F,1987-04-27,Contador,5551402,Calle 16 #954
1403,Maria,Perez Ramirez,F,1994-11-12,Profesor,5551403,Calle 37 #953
1404,Claudia,Garcia Perez,F,1968-09-19,Mecanico,5551404,Calle 5 #336
1405,Elena,Morales Gonzalez,F,1987-08-04,Profesor,5551405,Calle 16 #916
1406,Pedro,Martinez Lopez,M,1996-01-23,Profesor,5551406,Calle 7 #373
1407,Claudia,Sanchez Perez,F,1996-05-21,Enfermero,5551407,Calle 9 #633
1408,Fernando,Lopez Lopez,M,1978-09-25,Mecanico,5551408,Calle 23 #903
1409,Jorge,Diaz Martinez,M,1983-02-15,Ingeniero,5551409,Calle 16 #118
1410,Fernando,Gonzalez Garcia,M,1987-04-04,Enfermero,5551410,Calle 9 #802
1411,Elena,Rodriguez Sanchez,F,1995-09-14,Psicologo,5551411,Calle 39 #303
1412,Claudia,Gonzalez Diaz,F,1991-11-10,Profesor,5551412,Calle 31 #676
1413,Miguel,Lopez Ramirez,M,1973-10-02,Mecanico,5551413,Calle 45 #592
1414,Isabel,Diaz Lopez,F,1983-09-10,Enfermero,5551414,Calle 38 #765
1415,Ana,Sanchez Garcia,F,1961-12-19,Chef,5551415,Calle 4 #809
1416,Fernando,Perez Lopez,M,1989-12-20,Arquitecto,5551416,Calle 38 #604
1417,Patricia,Morales Rodriguez,F,2000-11-17,Arquitecto,5551417,Calle 22 #480
1418,Miguel,Garcia Perez,M,1980-01-18,Ingeniero,5551418,Calle 14 #685
1419,Jorge,Lopez Morales,M,1979-01-13,Psicologo,5551419,Calle 18 #698
1420,Ana,Morales Gonzalez,F,1963-05-26,Electricista,5551420,Calle 48 #193
1421,Ana,Perez Ramirez,F,1974-07-27,Psicologo,5551421,Calle 27 #489
1422,Isabel,Ramirez Garcia,F,1961-11-21,Chef,5551422,Calle 14 #776
1423,Maria,Lopez Gonzalez,F,1979-07-03,Programador,5551423,Calle 4 #745
1424,Luis,Martinez Gonzalez,M,1995-07-31,Arquitecto,5551424,Calle 36 #489
1425,Isabel,Gonzalez Perez,F,1977-12-18,Mecanico,5551425,Calle 6 #477
1426,Isabel,Perez Lopez,F,1971-01-21,Profesor,5551426,Calle 49 #503
1427,Luis,Sanchez Martinez,M,1992-08-21,Ingeniero,5551427,Calle 27 #900
1428,Carmen,Lopez Ramirez,F,1975-10-21,Disenador,5551428,Calle 7 #425
1429,Isabel,Gonzalez Sanchez,F,1991-05-13,Contador,5551429,Calle 21 #592
1430,Gabriela,Diaz Sanchez,F,1979-11-30,Doctor,5551430,Calle 29 #629
1431,Laura,Gonzalez Perez,F,1960-05-17,Arquitecto,5551431,Calle 31 #485
1432,Juan,Ramirez Martinez,M,1986-04-10,Psicologo,5551432,Calle 6 #711
1433,Gabriela,Martinez Gonzalez,F,1999-04-06,Abogado,5551433,Calle 40 #484
1434,Maria,Rodriguez Martinez,F,1997-10-29,Chef,5551434,Calle 39 #319
1435,Luis,Gonzalez Diaz,M,1979-12-07,Ingeniero,5551435,Calle 28 #993
1436,Elena,Garcia Sanchez,F,1966-07-28,Psicologo,5551436,Calle 19 #209
1437,Laura,Morales Lopez,F,1986-12-22,Doctor,5551437,Calle 10 #899
1438,Isabel,Sanchez Martinez,F,1982-06-15,Programador,5551438,Calle 30 #969
1439,Miguel,Morales Ramirez,M,2000-05-25,Arquitecto,5551439,Calle 46 #951
1440,Fernando,Perez Sanchez,M,1979-04-26,Ingeniero,5551440,Calle 40 #462
1441,Andres,Morales Morales,M,1965-04-19,Disenador,5551441,Calle 35 #503
1442,Fernando,Lopez Rodriguez,M,1969-07-08,Mecanico,5551442,Calle 8 #348
1443,Elena,Rodriguez Morales,F,1960-11-13,Chef,5551443,Calle 4 #376
1444,Patricia,Sanchez Morales,F,1979-02-06,Mecanico,5551444,Calle 31 #393
1445,Miguel,Ramirez Ramirez,M,1972-10-23,Psicologo,5551445,Calle 40 #830
1446,Pedro,Rodriguez Garcia,M,1982-07-15,Programador,5551446,Calle 9 #734
1447,Ana,Ramirez Sanchez,F,1976-02-09,Doctor,5551447,Calle 5 #141
1448,Sofia,Diaz Sanchez,F,1997-03-28,Disenador,5551448,Calle 48 #810
1449,Ana,Garcia Morales,F,1980-02-10,Doctor,5551449,Calle 30 #867
1450,Fernando,Morales Lopez,M,1969-01-02,Profesor,5551450,Calle 10 #280
1451,Ana,Gonzalez Gonzalez,F,1978-09-28,Psicologo,5551451,Calle 41 #618
1452,Jorge,Diaz Lopez,M,1999-04-19,Electricista,5551452,Calle 27 #520
1453,Andres,Perez Martinez,M,1981-11-05,Contador,5551453,Calle 28 #981
1454,Ricardo,Martinez Martinez,M,1997-03-25,Enfermero,5551454,Calle 27 #474
1455,Isabel,Sanchez Sanchez,F,1998-02-26,Contador,5551455,Calle 42 #431
1456,Carmen,Rodriguez Ramirez,F,1963-04-17,Ingeniero,5551456,Calle 2 #644
1457,Ricardo,Martinez Sanchez,M,1965-08-09,Analista,5551457,Calle 33 #158
1458,Maria,Diaz Perez,F,1966-01-13,Mecanico,5551458,Calle 6 #761
1459,Daniel,Morales Sanchez,M,1977-12-28,Contador,5551459,Calle 1 #455
1460,Ana,Gonzalez Diaz,F,1989-11-13,Disenador,5551460,Calle 43 #887
1461,Carlos,Garcia Morales,M,1988-12-25,Arquitecto,5551461,Calle 44 #149
1462,Isabel,Martinez Diaz,F,1977-07-09,Abogado,5551462,Calle 13 #888
1463,Patricia,Gonzalez Garcia,F,1986-01-16,Contador,5551463,Calle 50 #134
1464,Maria,Martinez Perez,F,1973-03-18,Enfermero,5551464,Calle 36 #952
1465,Claudia,Garcia Perez,F,1965-03-20,Electricista,5551465,Calle 44 #727
1466,Elena,Diaz Perez,F,1994-09-07,Ingeniero,5551466,Calle 2 #116
1467,Isabel,Garcia Ramirez,F,1997-05-29,Disenador,5551467,Calle 19 #380
1468,Jorge,Gonzalez Rodriguez,M,1972-05-12,Psicologo,5551468,Calle 4 #482
1469,Gabriela,Perez Gonzalez,F,1978-12-09,Ingeniero,5551469,Calle 30 #595
1470,Claudia,Lopez Gonzalez,F,1969-02-02,Mecanico,5551470,Calle 20 #150
1471,Elena,Martinez Rodriguez,F,1963-12-09,Programador,5551471,Calle 16 #766
1472,Fernando,Gonzalez Lopez,M,1977-03-12,Chef,5551472,Calle 4 #191
1473,Carlos,Perez Lopez,M,1963-07-12,Analista,5551473,Calle 7 #281
1474,Claudia,Gonzalez Martinez,F,1969-12-25,Psicologo,5551474,Calle 16 #126
1475,Patricia,Diaz Rodriguez,F,1983-07-12,Arquitecto,5551475,Calle 42 #633
1476,Patricia,Diaz Diaz,F,1993-12-18,Electricista,5551476,Calle 37 #589
1477,Laura,Sanchez Garcia,F,1960-04-28,Chef,5551477,Calle 28 #934
1478,Sofia,Rodriguez Lopez,F,1999-05-15,Psicologo,5551478,Calle 35 #364
1479,Isabel,Perez Morales,F,1960-11-18,Profesor,5551479,Calle 23 #688
1480,Andres,Perez Ramirez,M,1985-05-12,Profesor,5551480,Calle 27 #327
1481,Pedro,Ramirez Rodriguez,M,1990-04-01,Mecanico,5551481,Calle 32 #969
1482,Sofia,Rodriguez Ramirez,F,1975-05-08,Chef,5551482,Calle 34 #516
1483,Daniel,Diaz Ramirez,M,1995-10-31,Profesor,5551483,Calle 34 #122
1484,Elena,Martinez Gonzalez,F,1965-12-28,Psicologo,5551484,Calle 37 #221
1485,Sofia,Martinez Ramirez,F,1981-07-21,Profesor,5551485,Calle 8 #732
1486,Elena,Lopez Morales,F,1974-03-11,Abogado,5551486,Calle 12 #163
1487,Ana,Garcia Ramirez,F,1965-03-02,Chef,5551487,Calle 8 #927
1488,Carlos,Rodriguez Lopez,M,1978-08-09,Doctor,5551488,Calle 38 #839
1489,Maria,Ramirez Sanchez,F,1968-03-01,Electricista,5551489,Calle 12 #262
1490,Luis,Rodriguez Sanchez,M,1972-06-08,Ingeniero,5551490,Calle 31 #752
1491,Juan,Gonzalez Ramirez,M,1963-02-18,Arquitecto,5551491,Calle 25 #771
1492,Laura,Garcia Sanchez,F,1994-01-13,Abogado,5551492,Calle 26 #787
1493,Carmen,Gonzalez Morales,F,1964-01-06,Contador,5551493,Calle 3 #391
1494,Luis,Diaz Lopez,M,1989-01-05,Programador,5551494,Calle 34 #629
1495,Elena,Lopez Diaz,F,1984-06-28,Abogado,5551495,Calle 35 #136
1496,Fernando,Diaz Diaz,M,1984-10-08,Disenador,5551496,Calle 38 #786
1497,Fernando,Diaz Sanchez,M,1970-03-28,Abogado,5551497,Calle 41 #308
1498,Maria,Perez Sanchez,F,1961-02-08,Ingeniero,5551498,Calle 47 #216
1499,Claudia,Perez Gonzalez,F,1993-10-05,Abogado,5551499,Calle 35 #739
1500,Claudia,Morales Diaz,F,1972-12-01,Disenador,5551500,Calle 48 #274
